{
  "experiment": {
    "experiment_id": "final-research-evaluation-6524a37-20260714-090253",
    "git_commit": "6524a37d802fc83faa9db0111facaf491da4e618",
    "total_runs": 212,
    "tasks": 53,
    "conditions": 4,
    "primary_endpoint": "hidden_verified_success"
  },
  "primary_global_test": {
    "test": "Cochran Q",
    "statistic": 11.0,
    "degrees_of_freedom": 3,
    "p_value": 0.0117258755784214
  },
  "latency_global_test": {
    "test": "Friedman",
    "statistic": 143.78490566037726,
    "degrees_of_freedom": 3,
    "p_value": 5.7715266408029345e-31
  },
  "condition_summary": [
    {
      "condition": "one-shot",
      "label": "One-shot",
      "runs": 53,
      "visible_successes": 38,
      "visible_rate": 0.7169811320754716,
      "hidden_verified_successes": 37,
      "hidden_verified_rate": 0.6981132075471698,
      "hidden_ci95_low": 0.5646316733114988,
      "hidden_ci95_high": 0.8048169727242108,
      "visible_hidden_disagreements": 1,
      "mean_elapsed_seconds": 86.52595655496222,
      "median_elapsed_seconds": 74.35569088100056,
      "p95_elapsed_seconds": 192.90746381499983,
      "total_elapsed_seconds": 4585.875697412997,
      "seconds_per_hidden_verified_success": 123.9425864165675,
      "mean_model_calls": 1.150943396226415,
      "mean_steps": 5.584905660377358,
      "mean_tool_calls": 5.584905660377358,
      "parse_failure_runs": 9,
      "mean_decision_parse_failures": 0.2830188679245283,
      "policy_failures": 6,
      "budget_exhaustions": 0,
      "invalid_patch_runs": 0,
      "no_progress_runs": 0,
      "reflection_count": 0,
      "hypothesis_revision_count": 0
    },
    {
      "condition": "fixed-workflow",
      "label": "Fixed workflow",
      "runs": 53,
      "visible_successes": 38,
      "visible_rate": 0.7169811320754716,
      "hidden_verified_successes": 37,
      "hidden_verified_rate": 0.6981132075471698,
      "hidden_ci95_low": 0.5646316733114988,
      "hidden_ci95_high": 0.8048169727242108,
      "visible_hidden_disagreements": 1,
      "mean_elapsed_seconds": 105.7427961403959,
      "median_elapsed_seconds": 91.34985351100111,
      "p95_elapsed_seconds": 223.11706945619952,
      "total_elapsed_seconds": 5604.368195440982,
      "seconds_per_hidden_verified_success": 151.46941068759412,
      "mean_model_calls": 1.471698113207547,
      "mean_steps": 5.811320754716981,
      "mean_tool_calls": 5.811320754716981,
      "parse_failure_runs": 15,
      "mean_decision_parse_failures": 0.5849056603773585,
      "policy_failures": 15,
      "budget_exhaustions": 0,
      "invalid_patch_runs": 0,
      "no_progress_runs": 0,
      "reflection_count": 0,
      "hypothesis_revision_count": 0
    },
    {
      "condition": "tool-agent-no-reflection",
      "label": "Tool agent, no reflection",
      "runs": 53,
      "visible_successes": 33,
      "visible_rate": 0.6226415094339622,
      "hidden_verified_successes": 31,
      "hidden_verified_rate": 0.5849056603773585,
      "hidden_ci95_low": 0.45094422181344374,
      "hidden_ci95_high": 0.7073909122018601,
      "visible_hidden_disagreements": 2,
      "mean_elapsed_seconds": 350.12356167047164,
      "median_elapsed_seconds": 320.2320534519968,
      "p95_elapsed_seconds": 512.6082944673996,
      "total_elapsed_seconds": 18556.548768534998,
      "seconds_per_hidden_verified_success": 598.5983473720967,
      "mean_model_calls": 3.9622641509433962,
      "mean_steps": 5.39622641509434,
      "mean_tool_calls": 5.39622641509434,
      "parse_failure_runs": 21,
      "mean_decision_parse_failures": 0.8113207547169812,
      "policy_failures": 20,
      "budget_exhaustions": 0,
      "invalid_patch_runs": 0,
      "no_progress_runs": 0,
      "reflection_count": 0,
      "hypothesis_revision_count": 0
    },
    {
      "condition": "full-reflective-agent",
      "label": "Full reflective agent",
      "runs": 53,
      "visible_successes": 36,
      "visible_rate": 0.6792452830188679,
      "hidden_verified_successes": 34,
      "hidden_verified_rate": 0.6415094339622641,
      "hidden_ci95_low": 0.5069114155535945,
      "hidden_ci95_high": 0.7569804744719122,
      "visible_hidden_disagreements": 2,
      "mean_elapsed_seconds": 249.6386820741318,
      "median_elapsed_seconds": 238.70644813500255,
      "p95_elapsed_seconds": 380.39294188880154,
      "total_elapsed_seconds": 13230.850149928985,
      "seconds_per_hidden_verified_success": 389.14265146849954,
      "mean_model_calls": 3.5283018867924527,
      "mean_steps": 5.584905660377358,
      "mean_tool_calls": 5.584905660377358,
      "parse_failure_runs": 16,
      "mean_decision_parse_failures": 0.660377358490566,
      "policy_failures": 17,
      "budget_exhaustions": 0,
      "invalid_patch_runs": 0,
      "no_progress_runs": 0,
      "reflection_count": 0,
      "hypothesis_revision_count": 0
    }
  ],
  "pairwise_mcnemar": [
    {
      "condition_a": "one-shot",
      "condition_b": "fixed-workflow",
      "a_only_successes": 0,
      "b_only_successes": 0,
      "discordant_pairs": 0,
      "paired_risk_difference": 0.0,
      "exact_mcnemar_p_raw": 1.0,
      "exact_mcnemar_p_holm": 1.0,
      "significant_after_holm_0_05": false
    },
    {
      "condition_a": "one-shot",
      "condition_b": "tool-agent-no-reflection",
      "a_only_successes": 6,
      "b_only_successes": 0,
      "discordant_pairs": 6,
      "paired_risk_difference": 0.1132075471698113,
      "exact_mcnemar_p_raw": 0.03125,
      "exact_mcnemar_p_holm": 0.1875,
      "significant_after_holm_0_05": false
    },
    {
      "condition_a": "one-shot",
      "condition_b": "full-reflective-agent",
      "a_only_successes": 3,
      "b_only_successes": 0,
      "discordant_pairs": 3,
      "paired_risk_difference": 0.05660377358490565,
      "exact_mcnemar_p_raw": 0.25,
      "exact_mcnemar_p_holm": 1.0,
      "significant_after_holm_0_05": false
    },
    {
      "condition_a": "fixed-workflow",
      "condition_b": "tool-agent-no-reflection",
      "a_only_successes": 6,
      "b_only_successes": 0,
      "discordant_pairs": 6,
      "paired_risk_difference": 0.1132075471698113,
      "exact_mcnemar_p_raw": 0.03125,
      "exact_mcnemar_p_holm": 0.1875,
      "significant_after_holm_0_05": false
    },
    {
      "condition_a": "fixed-workflow",
      "condition_b": "full-reflective-agent",
      "a_only_successes": 3,
      "b_only_successes": 0,
      "discordant_pairs": 3,
      "paired_risk_difference": 0.05660377358490565,
      "exact_mcnemar_p_raw": 0.25,
      "exact_mcnemar_p_holm": 1.0,
      "significant_after_holm_0_05": false
    },
    {
      "condition_a": "tool-agent-no-reflection",
      "condition_b": "full-reflective-agent",
      "a_only_successes": 3,
      "b_only_successes": 6,
      "discordant_pairs": 9,
      "paired_risk_difference": -0.05660377358490565,
      "exact_mcnemar_p_raw": 0.5078125,
      "exact_mcnemar_p_holm": 1.0,
      "significant_after_holm_0_05": false
    }
  ],
  "pairwise_latency": [
    {
      "condition_a": "one-shot",
      "condition_b": "fixed-workflow",
      "mean_difference_seconds_a_minus_b": -19.216839585433675,
      "median_difference_seconds_a_minus_b": -9.05853067200087,
      "wilcoxon_statistic": 290.0,
      "wilcoxon_p_raw": 0.00016531936905917356,
      "wilcoxon_p_holm": 0.00016531936905917356,
      "significant_after_holm_0_05": true
    },
    {
      "condition_a": "one-shot",
      "condition_b": "tool-agent-no-reflection",
      "mean_difference_seconds_a_minus_b": -263.5976051155095,
      "median_difference_seconds_a_minus_b": -238.81690085599894,
      "wilcoxon_statistic": 0.0,
      "wilcoxon_p_raw": 2.386484752546066e-10,
      "wilcoxon_p_holm": 1.4318908515276396e-09,
      "significant_after_holm_0_05": true
    },
    {
      "condition_a": "one-shot",
      "condition_b": "full-reflective-agent",
      "mean_difference_seconds_a_minus_b": -163.1127255191696,