condition,parse_failure_runs,success_rate_with_parse_failure,success_rate_without_parse_failure,fisher_exact_odds_ratio,fisher_exact_p
one-shot,9,0.1111111111111111,0.8181818181818182,0.027777777777777776,0.0001100344139890086
fixed-workflow,15,0.06666666666666667,0.9473684210526315,0.003968253968253968,7.129203330077295e-10
tool-agent-no-reflection,21,0.047619047619047616,0.9375,0.0033333333333333335,2.2589013414238798e-11
full-reflective-agent,16,0.0,0.918918918918919,0.0,6.527636801327508e-11
